沙鹿區,https://www.instagram.com/reel/DOXuSbLDjmg/?utm_source=ig_web_copy_link&igsh=MzRlODBiNWFlZA==
沙鹿區,https://www.instagram.com/reel/DOfqWXfAV-X/?utm_source=ig_web_copy_link&igsh=MzRlODBiNWFlZA==
沙鹿區,https://www.instagram.com/reel/DOqOqgfDv9l/?utm_source=ig_web_copy_link&igsh=MzRlODBiNWFlZA==
沙鹿區,https://www.instagram.com/reel/DOx5x9wEivY/?utm_source=ig_web_copy_link&igsh=MzRlODBiNWFlZA==
沙鹿區,https://www.instagram.com/reel/DPF1cCDAOK2/?utm_source=ig_web_copy_link&igsh=MzRlODBiNWFlZA==
沙鹿區,https://www.instagram.com/reel/DPT2iG8jW3X/?utm_source=ig_web_copy_link&igsh=MzRlODBiNWFlZA==
沙鹿區,https://www.instagram.com/reel/DPZLH0YFelR/?utm_source=ig_web_copy_link&igsh=MzRlODBiNWFlZA==
沙鹿區,https://www.instagram.com/reel/DPjGqnLlOmm/?utm_source=ig_web_copy_link&igsh=MzRlODBiNWFlZA==
沙鹿區,https://www.instagram.com/reel/DPyvxVaDk2H/?utm_source=ig_web_copy_link&igsh=MzRlODBiNWFlZA==
沙鹿區,https://www.instagram.com/reel/DRE4AYrjhrh/?utm_source=ig_web_copy_link&igsh=MzRlODBiNWFlZA==
